name,link
MobaPay,https://www.mobapay.com
VocaGame,https://vocagame.com
UniPin,https://www.unipin.com
Razer Gold,https://gold.razer.com
JollyMax,https://www.jollymax.com
KachiShop,https://www.kachishop.com
Codashop,https://codashop.com
SEAGM,https://www.seagm.com
LapakGaming,https://www.lapakgaming.com?utm_campaign=tokotopupgame&utm_source=Affiliate&utm_medium=LGA
Joytify,https://www.joytify.com?utm_campaign=tokotopupgame&utm_source=Affiliate&utm_medium=LGA
Buylink,https://buylink.id/zany
GameSquad,https://zany.gamesquad.id
Grosir Topup,https://zany.grosirtopup.com
